<?xml version="1.0" encoding="UTF-8"?>
<DocSetNodes version="1.0">
    <TOC>
        <Node type="folder">
            <Name>TwitterCore</Name>
            <Path>index.html</Path>
			<Subnodes>
                
				
				<Node type="folder">
					<Name>Classes</Name>
					<Path>index.html</Path>
					<Subnodes>
						<NodeRef refid="1"/>
						
					</Subnodes>
				</Node>
				
				
                
				<Node>
					<Name>Protocols</Name>
					<Path>index.html</Path>
					<Subnodes>
						<NodeRef refid="2"/>
						<NodeRef refid="3"/>
						<NodeRef refid="4"/>
						
					</Subnodes>
				</Node>
				
                
				<Node>
					<Name>Constants</Name>
					<Path>index.html</Path>
					<Subnodes>
						<NodeRef refid="5"/>
						<NodeRef refid="6"/>
						<NodeRef refid="7"/>
						
					</Subnodes>
				</Node>
				
                
                <Node>
                    <Name>Blocks</Name>
                    <Path>index.html</Path>
                    <Subnodes>
                        <NodeRef refid="8"/>
                        <NodeRef refid="9"/>
                        <NodeRef refid="10"/>
                        
                    </Subnodes>
                </Node>
                
			</Subnodes>
        </Node>
    </TOC>
	<Library>
		
		<Node id="1" type="file" documentType="reference">
            <Name>TWTRAuthConfig</Name>
            <Path>Classes/TWTRAuthConfig.html</Path>
            
                <Subnodes>
                <Node type="section">
                    <Path>Classes/TWTRAuthConfig.html</Path>
                    <Name>Overview</Name>
                    <Anchor>overview</Anchor>
                </Node>
                <Node type="section">
                    <Path>Classes/TWTRAuthConfig.html</Path>
                    <Name>Tasks</Name>
                    <Anchor>tasks</Anchor>
                </Node>
                
                <Node type="section">
                    <Path>Classes/TWTRAuthConfig.html</Path>
                    <Name>Properties</Name>
                    <Anchor>properties</Anchor>
                </Node>
                
                
                
                <Node type="section">
                    <Path>Classes/TWTRAuthConfig.html</Path>
                    <Name>Instance Methods</Name>
                    <Anchor>instance_methods</Anchor>
                </Node>
                
            </Subnodes>
            
        </Node>
		
		
        <Node id="2" type="file" documentType="reference">
            <Name>TWTRAuthSession</Name>
            <Path>Protocols/TWTRAuthSession.html</Path>
            
                <Subnodes>
                <Node type="section">
                    <Path>Protocols/TWTRAuthSession.html</Path>
                    <Name>Overview</Name>
                    <Anchor>overview</Anchor>
                </Node>
                <Node type="section">
                    <Path>Protocols/TWTRAuthSession.html</Path>
                    <Name>Tasks</Name>
                    <Anchor>tasks</Anchor>
                </Node>
                
                <Node type="section">
                    <Path>Protocols/TWTRAuthSession.html</Path>
                    <Name>Properties</Name>
                    <Anchor>properties</Anchor>
                </Node>
                
                
                
            </Subnodes>
            
        </Node>
		<Node id="3" type="file" documentType="reference">
            <Name>TWTRBaseSession</Name>
            <Path>Protocols/TWTRBaseSession.html</Path>
            
        </Node>
		<Node id="4" type="file" documentType="reference">
            <Name>TWTRCoreOAuthSigning</Name>
            <Path>Protocols/TWTRCoreOAuthSigning.html</Path>
            
                <Subnodes>
                <Node type="section">
                    <Path>Protocols/TWTRCoreOAuthSigning.html</Path>
                    <Name>Overview</Name>
                    <Anchor>overview</Anchor>
                </Node>
                <Node type="section">
                    <Path>Protocols/TWTRCoreOAuthSigning.html</Path>
                    <Name>Tasks</Name>
                    <Anchor>tasks</Anchor>
                </Node>
                
                
                
                <Node type="section">
                    <Path>Protocols/TWTRCoreOAuthSigning.html</Path>
                    <Name>Instance Methods</Name>
                    <Anchor>instance_methods</Anchor>
                </Node>
                
            </Subnodes>
            
        </Node>
		
        <Node id="5" type="file" documentType="reference">
            <Name>TWTRAPIErrorCode</Name>
            <Path>Constants/TWTRAPIErrorCode.html</Path>
            
        </Node>
		<Node id="6" type="file" documentType="reference">
            <Name>TWTRErrorCode</Name>
            <Path>Constants/TWTRErrorCode.html</Path>
            
        </Node>
		<Node id="7" type="file" documentType="reference">
            <Name>TWTRLogInErrorCode</Name>
            <Path>Constants/TWTRLogInErrorCode.html</Path>
            
        </Node>
		
        <Node id="8" type="file" documentType="reference">
            <Name>TWTRGuestLogInCompletion</Name>
            <Path>Blocks/TWTRGuestLogInCompletion.html</Path>
            
        </Node>
        <Node id="9" type="file" documentType="reference">
            <Name>TWTRLogInCompletion</Name>
            <Path>Blocks/TWTRLogInCompletion.html</Path>
            
        </Node>
        <Node id="10" type="file" documentType="reference">
            <Name>TWTRSessionStoreRefreshCompletion</Name>
            <Path>Blocks/TWTRSessionStoreRefreshCompletion.html</Path>
            
        </Node>
        
	</Library>
</DocSetNodes>