<?xml version="1.0" encoding="UTF-8"?>
<Tokens version="1.0">
	<File path="Constants/TWTRAPIErrorCode.html">
		
		<Token>
			<TokenIdentifier>//apple_ref/c/tdef/TWTRAPIErrorCode</TokenIdentifier>
			<Abstract type="html">Error codes surfaced by the Twitter API.</Abstract>
			<DeclaredIn>TWTRAPIErrorCode.h</DeclaredIn>
            
			
			<NodeRef refid="5"/>
		</Token>
		
		
        
        <Token>
            <TokenIdentifier>//apple_ref/c/econst/TWTRAPIErrorCodeCouldNotAuthenticate</TokenIdentifier>
            <Abstract type="html">Your call could not be completed as dialed.
     </Abstract>
            <Declaration>TWTRAPIErrorCodeCouldNotAuthenticate</Declaration>
            
            <DeclaredIn>TWTRAPIErrorCode.h</DeclaredIn>
            
            <NodeRef refid="5"/>
        </Token>
        
        <Token>
            <TokenIdentifier>//apple_ref/c/econst/TWTRAPIErrorCodePageNotExist</TokenIdentifier>
            <Abstract type="html">Corresponds with an HTTP 404 - the specified resource was not found.
     </Abstract>
            <Declaration>TWTRAPIErrorCodePageNotExist</Declaration>
            
            <DeclaredIn>TWTRAPIErrorCode.h</DeclaredIn>
            
            <NodeRef refid="5"/>
        </Token>
        
        <Token>
            <TokenIdentifier>//apple_ref/c/econst/TWTRAPIErrorCodeNotAuthorizedForEndpoint</TokenIdentifier>
            <Abstract type="html">Not authorized to use this endpoint.
     </Abstract>
            <Declaration>TWTRAPIErrorCodeNotAuthorizedForEndpoint</Declaration>
            
            <DeclaredIn>TWTRAPIErrorCode.h</DeclaredIn>
            
            <NodeRef refid="5"/>
        </Token>
        
        <Token>
            <TokenIdentifier>//apple_ref/c/econst/TWTRAPIErrorCodeInvalidParameter</TokenIdentifier>
            <Abstract type="html">Generic API error code for invalid parameter
     </Abstract>
            <Declaration>TWTRAPIErrorCodeInvalidParameter</Declaration>
            
            <DeclaredIn>TWTRAPIErrorCode.h</DeclaredIn>
            
            <NodeRef refid="5"/>
        </Token>
        
        <Token>
            <TokenIdentifier>//apple_ref/c/econst/TWTRAPIErrorCodeAccountSuspended</TokenIdentifier>
            <Abstract type="html">Corresponds with an HTTP 403 — the access token being used belongs to a suspended user and they can&apos;t complete the action you&apos;re trying to take
     </Abstract>
            <Declaration>TWTRAPIErrorCodeAccountSuspended</Declaration>
            
            <DeclaredIn>TWTRAPIErrorCode.h</DeclaredIn>
            
            <NodeRef refid="5"/>
        </Token>
        
        <Token>
            <TokenIdentifier>//apple_ref/c/econst/TWTRAPIErrorCodeAPIVersionRetired</TokenIdentifier>
            <Abstract type="html">Corresponds to a HTTP request to a retired v1-era URL.
     </Abstract>
            <Declaration>TWTRAPIErrorCodeAPIVersionRetired</Declaration>
            
            <DeclaredIn>TWTRAPIErrorCode.h</DeclaredIn>
            
            <NodeRef refid="5"/>
        </Token>
        
        <Token>
            <TokenIdentifier>//apple_ref/c/econst/TWTRAPIErrorCodeRateLimitExceeded</TokenIdentifier>
            <Abstract type="html">The request limit for this resource has been reached for the current rate limit window.
     </Abstract>
            <Declaration>TWTRAPIErrorCodeRateLimitExceeded</Declaration>
            
            <DeclaredIn>TWTRAPIErrorCode.h</DeclaredIn>
            
            <NodeRef refid="5"/>
        </Token>
        
        <Token>
            <TokenIdentifier>//apple_ref/c/econst/TWTRAPIErrorCodeInvalidOrExpiredToken</TokenIdentifier>
            <Abstract type="html">The access token used in the request is incorrect or has expired. Used in API v1.1.
     </Abstract>
            <Declaration>TWTRAPIErrorCodeInvalidOrExpiredToken</Declaration>
            
            <DeclaredIn>TWTRAPIErrorCode.h</DeclaredIn>
            
            <NodeRef refid="5"/>
        </Token>
        
        <Token>
            <TokenIdentifier>//apple_ref/c/econst/TWTRAPIErrorCodeSSLInvalid</TokenIdentifier>
            <Abstract type="html">Only SSL connections are allowed in the API, you should update your request to a secure connection. See how to connect using SSL.
     </Abstract>
            <Declaration>TWTRAPIErrorCodeSSLInvalid</Declaration>
            
            <DeclaredIn>TWTRAPIErrorCode.h</DeclaredIn>
            
            <NodeRef refid="5"/>
        </Token>
        
        <Token>
            <TokenIdentifier>//apple_ref/c/econst/TWTRAPIErrorCodeOverCapacity</TokenIdentifier>
            <Abstract type="html">Corresponds with an HTTP 503 - Twitter is temporarily over capacity.
     </Abstract>
            <Declaration>TWTRAPIErrorCodeOverCapacity</Declaration>
            
            <DeclaredIn>TWTRAPIErrorCode.h</DeclaredIn>
            
            <NodeRef refid="5"/>
        </Token>
        
        <Token>
            <TokenIdentifier>//apple_ref/c/econst/TWTRAPIErrorCodeInternalError</TokenIdentifier>
            <Abstract type="html">Corresponds with an HTTP 500 - An unknown internal error occurred.
     </Abstract>
            <Declaration>TWTRAPIErrorCodeInternalError</Declaration>
            
            <DeclaredIn>TWTRAPIErrorCode.h</DeclaredIn>
            
            <NodeRef refid="5"/>
        </Token>
        
        <Token>
            <TokenIdentifier>//apple_ref/c/econst/TWTRAPIErrorCodeCouldNotAuthenticateTimestampOutOfRange</TokenIdentifier>
            <Abstract type="html">Corresponds with a HTTP 401 - it means that your oauth_timestamp is either ahead or behind our acceptable range.
     </Abstract>
            <Declaration>TWTRAPIErrorCodeCouldNotAuthenticateTimestampOutOfRange</Declaration>
            
            <DeclaredIn>TWTRAPIErrorCode.h</DeclaredIn>
            
            <NodeRef refid="5"/>
        </Token>
        
        <Token>
            <TokenIdentifier>//apple_ref/c/econst/TWTRAPIErrorCodeAlreadyFavorited</TokenIdentifier>
            <Abstract type="html">You have already favorited this status.
     </Abstract>
            <Declaration>TWTRAPIErrorCodeAlreadyFavorited</Declaration>
            
            <DeclaredIn>TWTRAPIErrorCode.h</DeclaredIn>
            
            <NodeRef refid="5"/>
        </Token>
        
        <Token>
            <TokenIdentifier>//apple_ref/c/econst/TWTRAPIErrorCodeCannotFollowOverLimit</TokenIdentifier>
            <Abstract type="html">Corresponds with HTTP 403 — returned when a user cannot follow another user due to some kind of limit.
     </Abstract>
            <Declaration>TWTRAPIErrorCodeCannotFollowOverLimit</Declaration>
            
            <DeclaredIn>TWTRAPIErrorCode.h</DeclaredIn>
            
            <NodeRef refid="5"/>
        </Token>
        
        <Token>
            <TokenIdentifier>//apple_ref/c/econst/TWTRAPIErrorCodeNotAuthorizedToSeeStatus</TokenIdentifier>
            <Abstract type="html">Corresponds with HTTP 403 — returned when a Tweet cannot be viewed by the authenticating user, usually due to the Tweet&apos;s author having protected their Tweets.
     </Abstract>
            <Declaration>TWTRAPIErrorCodeNotAuthorizedToSeeStatus</Declaration>
            
            <DeclaredIn>TWTRAPIErrorCode.h</DeclaredIn>
            
            <NodeRef refid="5"/>
        </Token>
        
        <Token>
            <TokenIdentifier>//apple_ref/c/econst/TWTRAPIErrorCodeOverDailyStatusUpdateLimit</TokenIdentifier>
            <Abstract type="html">Corresponds with HTTP 403 — returned when a Tweet cannot be posted due to the user having no allowance remaining to post. Despite the text in the error message indicating that this error is only returned when a daily limit is reached, this error will be returned whenever a posting limitation has been reached. Posting allowances have roaming windows of time of unspecified duration.
     </Abstract>
            <Declaration>TWTRAPIErrorCodeOverDailyStatusUpdateLimit</Declaration>
            
            <DeclaredIn>TWTRAPIErrorCode.h</DeclaredIn>
            
            <NodeRef refid="5"/>
        </Token>
        
        <Token>
            <TokenIdentifier>//apple_ref/c/econst/TWTRAPIErrorCodeStatusIsDuplicate</TokenIdentifier>
            <Abstract type="html">The status text has been Tweeted already by the authenticated account.
     </Abstract>
            <Declaration>TWTRAPIErrorCodeStatusIsDuplicate</Declaration>
            
            <DeclaredIn>TWTRAPIErrorCode.h</DeclaredIn>
            
            <NodeRef refid="5"/>
        </Token>
        
        <Token>
            <TokenIdentifier>//apple_ref/c/econst/TWTRAPIErrorCodeBadAuthenticationData</TokenIdentifier>
            <Abstract type="html">Typically sent with 1.1 responses with HTTP code 400. The method requires authentication but it was not presented or was wholly invalid.
     </Abstract>
            <Declaration>TWTRAPIErrorCodeBadAuthenticationData</Declaration>
            
            <DeclaredIn>TWTRAPIErrorCode.h</DeclaredIn>
            
            <NodeRef refid="5"/>
        </Token>
        
        <Token>
            <TokenIdentifier>//apple_ref/c/econst/TWTRAPIErrorCodeRequestIsAutomated</TokenIdentifier>
            <Abstract type="html">We constantly monitor and adjust our filters to block spam and malicious activity on the Twitter platform. These systems are tuned in real-time. If you get this response our systems have flagged the Tweet or DM as possibly fitting this profile. If you feel that the Tweet or DM you attempted to create was flagged in error, please report the details around that to us by filing a ticket at https://support.twitter.com/forms/platform
     </Abstract>
            <Declaration>TWTRAPIErrorCodeRequestIsAutomated</Declaration>
            
            <DeclaredIn>TWTRAPIErrorCode.h</DeclaredIn>
            
            <NodeRef refid="5"/>
        </Token>
        
        <Token>
            <TokenIdentifier>//apple_ref/c/econst/TWTRAPIErrorCodeUserMustVerifyLogin</TokenIdentifier>
            <Abstract type="html">Returned as a challenge in xAuth when the user has login verification enabled on their account and needs to be directed to twitter.com to generate a temporary password.
     </Abstract>
            <Declaration>TWTRAPIErrorCodeUserMustVerifyLogin</Declaration>
            
            <DeclaredIn>TWTRAPIErrorCode.h</DeclaredIn>
            
            <NodeRef refid="5"/>
        </Token>
        
        <Token>
            <TokenIdentifier>//apple_ref/c/econst/TWTRAPIErrorCodeChallengeCodeInvalid</TokenIdentifier>
            <Abstract type="html">Returned from server in digits sign-in flow if user provides wrong confirmation code
     </Abstract>
            <Declaration>TWTRAPIErrorCodeChallengeCodeInvalid</Declaration>
            
            <DeclaredIn>TWTRAPIErrorCode.h</DeclaredIn>
            
            <NodeRef refid="5"/>
        </Token>
        
        <Token>
            <TokenIdentifier>//apple_ref/c/econst/TWTRAPIErrorCodeBadGuestToken</TokenIdentifier>
            <Abstract type="html">&quot;Bad guest token.&quot; The token has probably expired. Try calling [TWTRTwitter logInGuestWithCompletion:] again later.
     </Abstract>
            <Declaration>TWTRAPIErrorCodeBadGuestToken</Declaration>
            
            <DeclaredIn>TWTRAPIErrorCode.h</DeclaredIn>
            
            <NodeRef refid="5"/>
        </Token>
        
        <Token>
            <TokenIdentifier>//apple_ref/c/econst/TWTRAPIErrorCodeLoginRateExceeded</TokenIdentifier>
            <Abstract type="html">Rate limiting case for /1/sdk/login
     </Abstract>
            <Declaration>TWTRAPIErrorCodeLoginRateExceeded</Declaration>
            
            <DeclaredIn>TWTRAPIErrorCode.h</DeclaredIn>
            
            <NodeRef refid="5"/>
        </Token>
        
        <Token>
            <TokenIdentifier>//apple_ref/c/econst/TWTRAPIErrorCodeEndpointRetired</TokenIdentifier>
            <Abstract type="html">Corresponds to a HTTP request to a retired URL.
     </Abstract>
            <Declaration>TWTRAPIErrorCodeEndpointRetired</Declaration>
            
            <DeclaredIn>TWTRAPIErrorCode.h</DeclaredIn>
            
            <NodeRef refid="5"/>
        </Token>
        
        <Token>
            <TokenIdentifier>//apple_ref/c/econst/TWTRAPIErrorCodeApplicationCannotPerformWriteAction</TokenIdentifier>
            <Abstract type="html">Corresponds with HTTP 403 — returned when the application is restricted from POST, PUT, or DELETE actions. See How to appeal application suspension and other disciplinary actions.
     </Abstract>
            <Declaration>TWTRAPIErrorCodeApplicationCannotPerformWriteAction</Declaration>
            
            <DeclaredIn>TWTRAPIErrorCode.h</DeclaredIn>
            
            <NodeRef refid="5"/>
        </Token>
        
        <Token>
            <TokenIdentifier>//apple_ref/c/econst/TWTRAPIErrorCodeCannotMuteSelf</TokenIdentifier>
            <Abstract type="html">Corresponds with HTTP 403. The authenticated user account cannot mute itself.
     </Abstract>
            <Declaration>TWTRAPIErrorCodeCannotMuteSelf</Declaration>
            
            <DeclaredIn>TWTRAPIErrorCode.h</DeclaredIn>
            
            <NodeRef refid="5"/>
        </Token>
        
        <Token>
            <TokenIdentifier>//apple_ref/c/econst/TWTRAPIErrorCodeCannotMuteSpecifiedUser</TokenIdentifier>
            <Abstract type="html">Corresponds with HTTP 403. The authenticated user account is not muting the account a call is attempting to unmute.
     </Abstract>
            <Declaration>TWTRAPIErrorCodeCannotMuteSpecifiedUser</Declaration>
            
            <DeclaredIn>TWTRAPIErrorCode.h</DeclaredIn>
            
            <NodeRef refid="5"/>
        </Token>
        
        <Token>
            <TokenIdentifier>//apple_ref/c/econst/TWTRAPIErrorCodeDeviceRegisterRateExceeded</TokenIdentifier>
            <Abstract type="html">Rate limiting case for /1.1/device/register.json endpint
     </Abstract>
            <Declaration>TWTRAPIErrorCodeDeviceRegisterRateExceeded</Declaration>
            
            <DeclaredIn>TWTRAPIErrorCode.h</DeclaredIn>
            
            <NodeRef refid="5"/>
        </Token>
        
        <Token>
            <TokenIdentifier>//apple_ref/c/econst/TWTRAPIErrorCodeDeviceCarrierNotSupported</TokenIdentifier>
            <Abstract type="html">Phone&apos;s carrier not suppported and we can not deliver the sms/make the voice call
     </Abstract>
            <Declaration>TWTRAPIErrorCodeDeviceCarrierNotSupported</Declaration>
            
            <DeclaredIn>TWTRAPIErrorCode.h</DeclaredIn>
            
            <NodeRef refid="5"/>
        </Token>
        
        <Token>
            <TokenIdentifier>//apple_ref/c/econst/TWTRAPIErrorCodeAlreadyRetweeted</TokenIdentifier>
            <Abstract type="html">You have already retweeted this tweet.
     </Abstract>
            <Declaration>TWTRAPIErrorCodeAlreadyRetweeted</Declaration>
            
            <DeclaredIn>TWTRAPIErrorCode.h</DeclaredIn>
            
            <NodeRef refid="5"/>
        </Token>
        
        <Token>
            <TokenIdentifier>//apple_ref/c/econst/TWTRAPIErrorCodeTooManyRequests</TokenIdentifier>
            <Abstract type="html">Returned in API v1.1 when a request cannot be served due to the application&apos;s rate limit having been exhausted for the resource. See Rate Limiting in API v1.1.
     </Abstract>
            <Declaration>TWTRAPIErrorCodeTooManyRequests</Declaration>
            
            <DeclaredIn>TWTRAPIErrorCode.h</DeclaredIn>
            
            <NodeRef refid="5"/>
        </Token>
        
        
	</File>
</Tokens>