<?xml version="1.0" encoding="UTF-8"?>
<Tokens version="1.0">
	<File path="Constants/TWTRTweetViewTheme.html">
		
		<Token>
			<TokenIdentifier>//apple_ref/c/tdef/TWTRTweetViewTheme</TokenIdentifier>
			<Abstract type="html">A default combination of colors for Tweet views.</Abstract>
			<DeclaredIn>TWTRTweetView.h</DeclaredIn>
            
			
			<NodeRef refid="36"/>
		</Token>
		
		
        
        <Token>
            <TokenIdentifier>//apple_ref/c/econst/TWTRTweetViewThemeLight</TokenIdentifier>
            <Abstract type="html">Official light theme.
     </Abstract>
            <Declaration>TWTRTweetViewThemeLight</Declaration>
            
            <DeclaredIn>TWTRTweetView.h</DeclaredIn>
            
            <NodeRef refid="36"/>
        </Token>
        
        <Token>
            <TokenIdentifier>//apple_ref/c/econst/TWTRTweetViewThemeDark</TokenIdentifier>
            <Abstract type="html">Official dark theme.
     </Abstract>
            <Declaration>TWTRTweetViewThemeDark</Declaration>
            
            <DeclaredIn>TWTRTweetView.h</DeclaredIn>
            
            <NodeRef refid="36"/>
        </Token>
        
        
	</File>
</Tokens>