<?xml version="1.0" encoding="UTF-8"?>
<Tokens version="1.0">
	<File path="Classes/TWTRMoPubNativeAdContainerView.html">
		
		<Token>
			<TokenIdentifier>//apple_ref/occ/cl/TWTRMoPubNativeAdContainerView</TokenIdentifier>
			<Abstract type="html">*  The ad view rendered using MoPub. This class is not intended for public use other than to configure
*  color options. Colors can be configured by setting the theme and further customized by tweaking
*  the individual color options.
*
*  ## UIAppearance
*
*  You may use UIAppearance proxy objects to style certain aspects of the
*  the ad view to match your application&apos;s design.</Abstract>
			<DeclaredIn>TWTRMoPubNativeAdContainerView.h</DeclaredIn>
            
			
			<NodeRef refid="8"/>
		</Token>
		
		
		<Token>
			<TokenIdentifier>//apple_ref/occ/instm/TWTRMoPubNativeAdContainerView/setTheme:</TokenIdentifier>
			<Abstract type="html">Setting the theme of ad views. This is the base template that can
be overridden by setting your custom colors for the available view
properties. Default is TWTRNativeAdThemeLight.</Abstract>
			<DeclaredIn>TWTRMoPubNativeAdContainerView.h</DeclaredIn>
			
			<Declaration>@property (nonatomic) TWTRNativeAdTheme theme</Declaration>
			
			
			<Anchor>//api/name/theme</Anchor>
            <NodeRef refid="8"/>
		</Token>
		
		<Token>
			<TokenIdentifier>//apple_ref/occ/instm/TWTRMoPubNativeAdContainerView/theme</TokenIdentifier>
			<Abstract type="html">Setting the theme of ad views. This is the base template that can
be overridden by setting your custom colors for the available view
properties. Default is TWTRNativeAdThemeLight.</Abstract>
			<DeclaredIn>TWTRMoPubNativeAdContainerView.h</DeclaredIn>
			
			<Declaration>@property (nonatomic) TWTRNativeAdTheme theme</Declaration>
			
			
			<Anchor>//api/name/theme</Anchor>
            <NodeRef refid="8"/>
		</Token>
		
		<Token>
			<TokenIdentifier>//apple_ref/occ/instp/TWTRMoPubNativeAdContainerView/theme</TokenIdentifier>
			<Abstract type="html">Setting the theme of ad views. This is the base template that can
be overridden by setting your custom colors for the available view
properties. Default is TWTRNativeAdThemeLight.</Abstract>
			<DeclaredIn>TWTRMoPubNativeAdContainerView.h</DeclaredIn>
			
			<Declaration>@property (nonatomic) TWTRNativeAdTheme theme</Declaration>
			
			
			<Anchor>//api/name/theme</Anchor>
            <NodeRef refid="8"/>
		</Token>
		
		<Token>
			<TokenIdentifier>//apple_ref/occ/instm/TWTRMoPubNativeAdContainerView/setBackgroundColor:</TokenIdentifier>
			<Abstract type="html">Background color of this ad container view. Defaults to #F5F8FA.</Abstract>
			<DeclaredIn>TWTRMoPubNativeAdContainerView.h</DeclaredIn>
			
			<Declaration>@property (nonatomic) UIColor *backgroundColor</Declaration>
			
			
			<Anchor>//api/name/backgroundColor</Anchor>
            <NodeRef refid="8"/>
		</Token>
		
		<Token>
			<TokenIdentifier>//apple_ref/occ/instm/TWTRMoPubNativeAdContainerView/backgroundColor</TokenIdentifier>
			<Abstract type="html">Background color of this ad container view. Defaults to #F5F8FA.</Abstract>
			<DeclaredIn>TWTRMoPubNativeAdContainerView.h</DeclaredIn>
			
			<Declaration>@property (nonatomic) UIColor *backgroundColor</Declaration>
			
			
			<Anchor>//api/name/backgroundColor</Anchor>
            <NodeRef refid="8"/>
		</Token>
		
		<Token>
			<TokenIdentifier>//apple_ref/occ/instp/TWTRMoPubNativeAdContainerView/backgroundColor</TokenIdentifier>
			<Abstract type="html">Background color of this ad container view. Defaults to #F5F8FA.</Abstract>
			<DeclaredIn>TWTRMoPubNativeAdContainerView.h</DeclaredIn>
			
			<Declaration>@property (nonatomic) UIColor *backgroundColor</Declaration>
			
			
			<Anchor>//api/name/backgroundColor</Anchor>
            <NodeRef refid="8"/>
		</Token>
		
		<Token>
			<TokenIdentifier>//apple_ref/occ/instm/TWTRMoPubNativeAdContainerView/setAdBackgroundColor:</TokenIdentifier>
			<Abstract type="html">Background color of the ad within the container. Defaults to #FFFFFF.</Abstract>
			<DeclaredIn>TWTRMoPubNativeAdContainerView.h</DeclaredIn>
			
			<Declaration>@property (nonatomic) UIColor *adBackgroundColor</Declaration>
			
			
			<Anchor>//api/name/adBackgroundColor</Anchor>
            <NodeRef refid="8"/>
		</Token>
		
		<Token>
			<TokenIdentifier>//apple_ref/occ/instm/TWTRMoPubNativeAdContainerView/adBackgroundColor</TokenIdentifier>
			<Abstract type="html">Background color of the ad within the container. Defaults to #FFFFFF.</Abstract>
			<DeclaredIn>TWTRMoPubNativeAdContainerView.h</DeclaredIn>
			
			<Declaration>@property (nonatomic) UIColor *adBackgroundColor</Declaration>
			
			
			<Anchor>//api/name/adBackgroundColor</Anchor>
            <NodeRef refid="8"/>
		</Token>
		
		<Token>
			<TokenIdentifier>//apple_ref/occ/instp/TWTRMoPubNativeAdContainerView/adBackgroundColor</TokenIdentifier>
			<Abstract type="html">Background color of the ad within the container. Defaults to #FFFFFF.</Abstract>
			<DeclaredIn>TWTRMoPubNativeAdContainerView.h</DeclaredIn>
			
			<Declaration>@property (nonatomic) UIColor *adBackgroundColor</Declaration>
			
			
			<Anchor>//api/name/adBackgroundColor</Anchor>
            <NodeRef refid="8"/>
		</Token>
		
		<Token>
			<TokenIdentifier>//apple_ref/occ/instm/TWTRMoPubNativeAdContainerView/setPrimaryTextColor:</TokenIdentifier>
			<Abstract type="html">Primary text color used within the ad cell including the underlying ad. Defaults to #292F33.</Abstract>
			<DeclaredIn>TWTRMoPubNativeAdContainerView.h</DeclaredIn>
			
			<Declaration>@property (nonatomic) UIColor *primaryTextColor</Declaration>
			
			
			<Anchor>//api/name/primaryTextColor</Anchor>
            <NodeRef refid="8"/>
		</Token>
		
		<Token>
			<TokenIdentifier>//apple_ref/occ/instm/TWTRMoPubNativeAdContainerView/primaryTextColor</TokenIdentifier>
			<Abstract type="html">Primary text color used within the ad cell including the underlying ad. Defaults to #292F33.</Abstract>
			<DeclaredIn>TWTRMoPubNativeAdContainerView.h</DeclaredIn>
			
			<Declaration>@property (nonatomic) UIColor *primaryTextColor</Declaration>
			
			
			<Anchor>//api/name/primaryTextColor</Anchor>
            <NodeRef refid="8"/>
		</Token>
		
		<Token>
			<TokenIdentifier>//apple_ref/occ/instp/TWTRMoPubNativeAdContainerView/primaryTextColor</TokenIdentifier>
			<Abstract type="html">Primary text color used within the ad cell including the underlying ad. Defaults to #292F33.</Abstract>
			<DeclaredIn>TWTRMoPubNativeAdContainerView.h</DeclaredIn>
			
			<Declaration>@property (nonatomic) UIColor *primaryTextColor</Declaration>
			
			
			<Anchor>//api/name/primaryTextColor</Anchor>
            <NodeRef refid="8"/>
		</Token>
		
		<Token>
			<TokenIdentifier>//apple_ref/occ/instm/TWTRMoPubNativeAdContainerView/setButtonBackgroundColor:</TokenIdentifier>
			<Abstract type="html">Background color of buttons. Defaults to #174791.</Abstract>
			<DeclaredIn>TWTRMoPubNativeAdContainerView.h</DeclaredIn>
			
			<Declaration>@property (nonatomic) UIColor *buttonBackgroundColor</Declaration>
			
			
			<Anchor>//api/name/buttonBackgroundColor</Anchor>
            <NodeRef refid="8"/>
		</Token>
		
		<Token>
			<TokenIdentifier>//apple_ref/occ/instm/TWTRMoPubNativeAdContainerView/buttonBackgroundColor</TokenIdentifier>
			<Abstract type="html">Background color of buttons. Defaults to #174791.</Abstract>
			<DeclaredIn>TWTRMoPubNativeAdContainerView.h</DeclaredIn>
			
			<Declaration>@property (nonatomic) UIColor *buttonBackgroundColor</Declaration>
			
			
			<Anchor>//api/name/buttonBackgroundColor</Anchor>
            <NodeRef refid="8"/>
		</Token>
		
		<Token>
			<TokenIdentifier>//apple_ref/occ/instp/TWTRMoPubNativeAdContainerView/buttonBackgroundColor</TokenIdentifier>
			<Abstract type="html">Background color of buttons. Defaults to #174791.</Abstract>
			<DeclaredIn>TWTRMoPubNativeAdContainerView.h</DeclaredIn>
			
			<Declaration>@property (nonatomic) UIColor *buttonBackgroundColor</Declaration>
			
			
			<Anchor>//api/name/buttonBackgroundColor</Anchor>
            <NodeRef refid="8"/>
		</Token>
		
        
        
	</File>
</Tokens>