<?xml version="1.0" encoding="UTF-8"?>
<Tokens version="1.0">
	<File path="Constants/TWTRSENetworkingResult.html">
		
		<Token>
			<TokenIdentifier>//apple_ref/c/tdef/TWTRSENetworkingResult</TokenIdentifier>
			<Abstract type="html"></Abstract>
			<DeclaredIn>TWTRSENetworking.h</DeclaredIn>
            
			
			<NodeRef refid="24"/>
		</Token>
		
		
        
        <Token>
            <TokenIdentifier>//apple_ref/c/econst/TWTRSENetworkingResultSuccess</TokenIdentifier>
            <Abstract type="html"></Abstract>
            <Declaration>TWTRSENetworkingResultSuccess</Declaration>
            
            <DeclaredIn>TWTRSENetworking.h</DeclaredIn>
            
            <NodeRef refid="24"/>
        </Token>
        
        <Token>
            <TokenIdentifier>//apple_ref/c/econst/TWTRSENetworkingResultError</TokenIdentifier>
            <Abstract type="html"></Abstract>
            <Declaration>TWTRSENetworkingResultError</Declaration>
            
            <DeclaredIn>TWTRSENetworking.h</DeclaredIn>
            
            <NodeRef refid="24"/>
        </Token>
        
        <Token>
            <TokenIdentifier>//apple_ref/c/econst/TWTRSENetworkingResultWillPostAsynchronously</TokenIdentifier>
            <Abstract type="html"></Abstract>
            <Declaration>TWTRSENetworkingResultWillPostAsynchronously</Declaration>
            
            <DeclaredIn>TWTRSENetworking.h</DeclaredIn>
            
            <NodeRef refid="24"/>
        </Token>
        
        
	</File>
</Tokens>